subscription_id,customer_id,plan_name,plan_type,contract_mrr,start_date,end_date,is_active
S00001,C0001,Basic,Monthly,109,2023-10-01,2024-10-01,0
S00002,C0001,Basic,Monthly,53,2024-10-02,2024-12-31,0
S00003,C0002,Basic,Monthly,104,2024-11-25,2024-12-31,0
S00004,C0003,Pro,Monthly,387,2024-06-18,2024-12-31,0
S00005,C0004,Pro,Monthly,351,2024-03-13,2024-09-13,0
S00006,C0005,Pro,Annual,391,2023-04-24,2024-04-24,0
S00007,C0006,Basic,Monthly,104,2023-04-24,2023-07-24,0
S00008,C0006,Basic,Monthly,141,2023-07-25,2024-07-25,0
S00009,C0006,Enterprise,Annual,2636,2024-07-26,2024-12-31,0
S00010,C0007,Basic,Monthly,64,2023-02-12,2023-08-12,0
S00011,C0007,Pro,Monthly,336,2023-08-13,2024-12-31,0
S00012,C0008,Basic,Monthly,99,2024-09-24,2024-12-24,0
S00013,C0008,Pro,Monthly,317,2024-12-25,2024-12-31,0
S00014,C0009,Enterprise,Annual,2249,2024-03-14,2024-12-31,0
S00015,C0010,Enterprise,Annual,2756,2024-05-31,2024-12-31,0
S00016,C0011,Basic,Monthly,119,2023-01-16,2024-01-16,0
S00017,C0011,Basic,Annual,84,2024-01-17,2024-12-31,0
S00018,C0012,Basic,Monthly,95,2024-12-09,2024-12-31,0
S00019,C0013,Basic,Annual,138,2024-08-30,2024-12-31,0
S00020,C0014,Basic,Monthly,56,2023-06-05,2023-09-05,0
S00021,C0014,Enterprise,Monthly,2814,2023-09-06,2024-03-06,0
S00022,C0015,Basic,Monthly,149,2023-05-13,2023-08-13,0
S00023,C0015,Basic,Annual,106,2023-08-14,2024-08-14,0
S00024,C0015,Basic,Annual,119,2024-08-15,2024-12-31,0
S00025,C0016,Pro,Monthly,342,2023-05-14,2024-05-14,0
S00026,C0017,Basic,Monthly,63,2023-08-11,2024-08-11,0
S00027,C0017,Enterprise,Monthly,2553,2024-08-12,2024-11-12,0
S00028,C0017,Basic,Monthly,134,2024-11-13,2024-12-31,0
S00029,C0018,Basic,Monthly,117,2024-01-19,2024-07-19,0
S00030,C0019,Enterprise,Monthly,1392,2023-11-12,2024-12-31,0
S00031,C0020,Enterprise,Annual,2504,2023-08-01,2024-12-31,0
S00032,C0021,Pro,Monthly,397,2024-03-22,2024-12-31,0
S00033,C0022,Basic,Annual,106,2023-04-12,2024-12-31,0
S00034,C0023,Enterprise,Monthly,1387,2023-08-02,2023-11-02,0
S00035,C0024,Basic,Annual,112,2023-09-25,2024-09-25,0
S00036,C0024,Basic,Annual,75,2024-09-26,2024-12-31,0
S00037,C0025,Pro,Monthly,412,2023-11-29,2024-11-29,0
S00038,C0025,Basic,Monthly,89,2024-11-30,2024-12-31,0
S00039,C0026,Pro,Monthly,447,2024-07-27,2024-12-31,0
S00040,C0027,Pro,Monthly,461,2023-05-26,2023-11-26,0
S00041,C0027,Basic,Monthly,92,2023-11-27,2024-11-27,0
S00042,C0028,Basic,Monthly,57,2024-01-11,2024-04-11,0
S00043,C0029,Pro,Monthly,271,2024-03-08,2024-12-31,0
S00044,C0030,Basic,Monthly,61,2023-02-03,2023-05-03,0
S00045,C0031,Basic,Annual,89,2024-03-19,2024-12-31,0
S00046,C0032,Basic,Monthly,81,2023-05-05,2024-05-05,0
S00047,C0032,Basic,Monthly,119,2024-05-06,2024-12-31,0
S00048,C0033,Enterprise,Annual,1952,2023-02-17,2024-02-17,0
S00049,C0034,Pro,Monthly,459,2024-11-23,2024-12-31,0
S00050,C0035,Basic,Monthly,76,2024-12-05,2024-12-31,0
S00051,C0036,Pro,Annual,353,2024-08-13,2024-12-31,0
S00052,C0037,Enterprise,Monthly,1064,2023-08-11,2024-08-11,0
S00053,C0037,Pro,Annual,576,2024-08-12,2024-12-31,0
S00054,C0038,Basic,Monthly,147,2023-03-13,2024-03-13,0
S00055,C0038,Enterprise,Monthly,2041,2024-03-14,2024-06-14,0
S00056,C0039,Basic,Annual,100,2024-05-14,2024-12-31,0
S00057,C0040,Pro,Monthly,583,2023-11-18,2024-05-18,0
S00058,C0041,Pro,Annual,546,2023-03-31,2024-12-31,0
S00059,C0042,Pro,Monthly,447,2023-12-28,2024-03-28,0
S00060,C0042,Basic,Annual,50,2024-03-29,2024-12-31,0
S00061,C0043,Pro,Monthly,493,2023-01-26,2023-07-26,0
S00062,C0044,Basic,Monthly,95,2024-10-25,2024-12-31,0
S00063,C0045,Enterprise,Annual,2587,2023-07-08,2024-12-31,0
S00064,C0046,Pro,Annual,418,2024-04-28,2024-12-31,0
S00065,C0047,Basic,Monthly,63,2023-08-16,2024-08-16,0
S00066,C0048,Basic,Annual,133,2024-01-15,2024-12-31,0
S00067,C0049,Enterprise,Monthly,882,2024-02-04,2024-12-31,0
S00068,C0050,Pro,Annual,372,2023-05-15,2024-12-31,0
S00069,C0051,Basic,Annual,68,2024-12-08,2024-12-31,0
S00070,C0052,Pro,Monthly,485,2024-07-19,2024-10-19,0
S00071,C0052,Pro,Monthly,341,2024-10-20,2024-12-31,0
S00072,C0053,Basic,Annual,90,2024-11-16,2024-12-31,0
S00073,C0054,Enterprise,Annual,2421,2024-10-15,2024-12-31,0
S00074,C0055,Pro,Monthly,467,2024-03-12,2024-09-12,0
S00075,C0055,Enterprise,Annual,2590,2024-09-13,2024-12-31,0
S00076,C0056,Basic,Monthly,122,2024-11-03,2024-12-31,0
S00077,C0057,Enterprise,Monthly,1831,2023-03-06,2023-09-06,0
S00078,C0057,Basic,Monthly,125,2023-09-07,2024-03-07,0
S00079,C0058,Basic,Monthly,71,2023-05-24,2024-05-24,0
S00080,C0059,Basic,Annual,100,2023-02-03,2024-02-03,0
S00081,C0060,Basic,Monthly,94,2023-08-26,2024-12-31,0
S00082,C0061,Enterprise,Monthly,2184,2023-10-11,2024-04-11,0
S00083,C0061,Pro,Monthly,352,2024-04-12,2024-07-12,0
S00084,C0062,Basic,Monthly,57,2023-07-18,2023-10-18,0
S00085,C0062,Basic,Monthly,148,2023-10-19,2024-01-19,0
S00086,C0062,Pro,Monthly,511,2024-01-20,2024-07-20,0
S00087,C0063,Basic,Monthly,111,2024-08-27,2024-12-31,0
S00088,C0064,Basic,Monthly,134,2023-09-18,2024-03-18,0
S00089,C0064,Basic,Monthly,103,2024-03-19,2024-12-31,0
S00090,C0065,Pro,Monthly,216,2023-07-25,2023-10-25,0
S00091,C0066,Enterprise,Monthly,2374,2024-02-01,2024-08-01,0
S00092,C0067,Basic,Monthly,95,2023-04-13,2023-07-13,0
S00093,C0068,Pro,Annual,308,2024-08-08,2024-12-31,0
S00094,C0069,Pro,Annual,449,2023-02-24,2024-12-31,0
S00095,C0070,Pro,Monthly,414,2024-12-21,2024-12-31,0
S00096,C0071,Pro,Monthly,360,2024-07-17,2024-12-31,0
S00097,C0072,Basic,Monthly,89,2023-05-26,2024-05-26,0
S00098,C0073,Basic,Monthly,90,2023-01-05,2024-12-31,0
S00099,C0074,Pro,Monthly,530,2024-08-18,2024-12-31,0
S00100,C0075,Basic,Monthly,88,2024-05-31,2024-12-31,0
S00101,C0076,Pro,Annual,292,2024-06-16,2024-12-31,0
S00102,C0077,Basic,Monthly,84,2024-07-17,2024-12-31,0
S00103,C0078,Basic,Annual,111,2023-02-24,2024-02-24,0
S00104,C0078,Basic,Annual,87,2024-02-25,2024-12-31,0
S00105,C0079,Basic,Monthly,122,2023-09-19,2024-03-19,0
S00106,C0080,Pro,Monthly,487,2023-03-26,2024-03-26,0
S00107,C0081,Pro,Annual,222,2024-09-22,2024-12-31,0
S00108,C0082,Basic,Monthly,82,2024-03-31,2024-09-30,0
S00109,C0083,Basic,Monthly,117,2023-08-30,2023-11-30,0
S00110,C0084,Basic,Monthly,78,2023-02-16,2023-08-16,0
S00111,C0085,Pro,Monthly,325,2023-08-16,2024-02-16,0
S00112,C0086,Pro,Monthly,375,2023-08-26,2023-11-26,0
S00113,C0087,Pro,Monthly,312,2024-06-16,2024-09-16,0
S00114,C0087,Basic,Monthly,108,2024-09-17,2024-12-31,0
S00115,C0088,Basic,Monthly,113,2024-04-10,2024-10-10,0
S00116,C0088,Basic,Monthly,64,2024-10-11,2024-12-31,0
S00117,C0089,Enterprise,Monthly,923,2024-10-09,2024-12-31,0
S00118,C0090,Enterprise,Monthly,1596,2023-12-11,2024-03-11,0
S00119,C0090,Enterprise,Monthly,2956,2024-03-12,2024-12-31,0
S00120,C0091,Enterprise,Monthly,2732,2023-03-29,2023-09-29,0
S00121,C0091,Pro,Annual,586,2023-09-30,2024-09-30,0
S00122,C0092,Basic,Monthly,95,2024-06-04,2024-12-31,0
S00123,C0093,Enterprise,Monthly,2322,2024-07-09,2024-10-09,0
S00124,C0093,Pro,Annual,596,2024-10-10,2024-12-31,0
S00125,C0094,Basic,Annual,148,2024-02-14,2024-12-31,0
S00126,C0095,Pro,Monthly,540,2024-07-16,2024-10-16,0
S00127,C0096,Basic,Monthly,68,2023-12-27,2024-03-27,0
S00128,C0096,Pro,Monthly,509,2024-03-28,2024-09-28,0
S00129,C0096,Enterprise,Monthly,2310,2024-09-29,2024-12-29,0
S00130,C0097,Pro,Monthly,211,2024-01-17,2024-12-31,0
S00131,C0098,Basic,Annual,101,2023-11-09,2024-12-31,0
S00132,C0099,Basic,Monthly,111,2023-01-19,2024-01-19,0
S00133,C0100,Pro,Monthly,441,2023-03-20,2024-03-20,0
S00134,C0101,Enterprise,Monthly,2770,2023-01-23,2024-01-23,0
S00135,C0101,Pro,Annual,362,2024-01-24,2024-12-31,0
S00136,C0102,Basic,Monthly,130,2024-04-09,2024-12-31,0
S00137,C0103,Basic,Monthly,118,2023-08-18,2024-02-18,0
S00138,C0104,Enterprise,Monthly,821,2024-01-07,2024-12-31,0
S00139,C0105,Enterprise,Monthly,925,2024-10-24,2024-12-31,0
S00140,C0106,Pro,Monthly,383,2023-07-01,2024-01-01,0
S00141,C0106,Pro,Annual,569,2024-01-02,2024-12-31,0
S00142,C0107,Basic,Monthly,116,2023-10-27,2024-10-27,0
S00143,C0108,Pro,Monthly,340,2024-07-05,2024-12-31,0
S00144,C0109,Pro,Annual,456,2023-06-17,2024-12-31,0
S00145,C0110,Basic,Monthly,83,2023-02-26,2023-05-26,0
S00146,C0111,Basic,Monthly,148,2023-07-31,2024-01-31,0
S00147,C0111,Pro,Monthly,489,2024-02-01,2024-05-01,0
S00148,C0112,Pro,Monthly,344,2023-04-28,2023-10-28,0
S00149,C0113,Basic,Monthly,115,2024-11-09,2024-12-31,0
S00150,C0114,Pro,Monthly,489,2024-08-12,2024-11-12,0
S00151,C0114,Pro,Annual,581,2024-11-13,2024-12-31,0
S00152,C0115,Pro,Annual,432,2024-04-07,2024-12-31,0
S00153,C0116,Pro,Monthly,512,2024-09-28,2024-12-31,0
S00154,C0117,Pro,Annual,273,2024-08-09,2024-12-31,0
S00155,C0118,Pro,Monthly,377,2023-05-17,2024-05-17,0
S00156,C0118,Pro,Annual,221,2024-05-18,2024-12-31,0
S00157,C0119,Basic,Annual,131,2024-10-13,2024-12-31,0
S00158,C0120,Basic,Monthly,124,2024-01-29,2024-04-29,0
S00159,C0121,Basic,Monthly,142,2024-08-12,2024-11-12,0
S00160,C0122,Basic,Annual,90,2024-10-16,2024-12-31,0
S00161,C0123,Pro,Monthly,338,2023-08-21,2024-08-21,0
S00162,C0123,Basic,Monthly,83,2024-08-22,2024-12-31,0
S00163,C0124,Enterprise,Annual,1906,2023-03-22,2024-12-31,0
S00164,C0125,Pro,Monthly,417,2023-06-16,2023-12-16,0
S00165,C0125,Enterprise,Annual,1705,2023-12-17,2024-12-17,0
S00166,C0126,Pro,Monthly,223,2023-11-08,2024-11-08,0
S00167,C0126,Enterprise,Annual,2429,2024-11-09,2024-12-31,0
S00168,C0127,Pro,Monthly,497,2024-08-20,2024-11-20,0
S00169,C0127,Basic,Monthly,90,2024-11-21,2024-12-31,0
S00170,C0128,Pro,Annual,560,2024-09-20,2024-12-31,0
S00171,C0129,Basic,Monthly,149,2023-01-06,2024-01-06,0
S00172,C0130,Pro,Monthly,299,2024-01-08,2024-12-31,0
S00173,C0131,Basic,Monthly,57,2023-11-01,2024-11-01,0
S00174,C0131,Pro,Monthly,348,2024-11-02,2024-12-31,0
S00175,C0132,Enterprise,Monthly,2348,2023-06-12,2023-09-12,0
S00176,C0133,Pro,Monthly,273,2023-03-29,2023-06-29,0
S00177,C0134,Enterprise,Annual,1197,2023-09-04,2024-09-04,0
S00178,C0134,Basic,Monthly,66,2024-09-05,2024-12-31,0
S00179,C0135,Basic,Monthly,149,2024-11-19,2024-12-31,0
S00180,C0136,Pro,Monthly,355,2023-08-24,2023-11-24,0
S00181,C0137,Pro,Annual,482,2024-01-14,2024-12-31,0
S00182,C0138,Pro,Annual,361,2024-05-28,2024-12-31,0
S00183,C0139,Basic,Annual,56,2023-09-23,2024-09-23,0
S00184,C0139,Basic,Monthly,92,2024-09-24,2024-12-31,0
S00185,C0140,Enterprise,Annual,1256,2024-12-10,2024-12-31,0
S00186,C0141,Pro,Monthly,244,2024-12-03,2024-12-31,0
S00187,C0142,Enterprise,Annual,2049,2023-07-03,2024-07-03,0
S00188,C0142,Pro,Monthly,417,2024-07-04,2024-12-31,0
S00189,C0143,Basic,Monthly,133,2023-12-29,2024-06-29,0
S00190,C0144,Pro,Monthly,289,2023-08-08,2023-11-08,0
S00191,C0144,Basic,Monthly,59,2023-11-09,2024-05-09,0
S00192,C0145,Basic,Annual,117,2023-07-27,2024-07-27,0
S00193,C0146,Pro,Annual,374,2023-01-27,2024-12-31,0
S00194,C0147,Pro,Monthly,373,2024-03-20,2024-06-20,0
S00195,C0147,Basic,Monthly,101,2024-06-21,2024-09-21,0
S00196,C0148,Enterprise,Monthly,2862,2024-01-02,2024-07-02,0
S00197,C0149,Pro,Monthly,493,2023-02-07,2024-12-31,0
S00198,C0150,Pro,Monthly,422,2023-07-23,2023-10-23,0
S00199,C0151,Basic,Annual,82,2024-10-25,2024-12-31,0
S00200,C0152,Pro,Annual,355,2023-06-24,2024-12-31,0
S00201,C0153,Basic,Annual,97,2023-04-16,2024-04-16,0
S00202,C0154,Enterprise,Monthly,1962,2023-12-24,2024-06-24,0
S00203,C0155,Pro,Monthly,573,2024-12-20,2024-12-31,0
S00204,C0156,Pro,Annual,324,2023-06-26,2024-12-31,0
S00205,C0157,Basic,Annual,83,2024-05-05,2024-12-31,0
S00206,C0158,Enterprise,Annual,2819,2024-07-09,2024-12-31,0
S00207,C0159,Basic,Annual,133,2023-06-23,2024-06-23,0
S00208,C0160,Basic,Monthly,123,2024-06-15,2024-12-31,0
S00209,C0161,Enterprise,Monthly,2551,2023-09-26,2024-09-26,0
S00210,C0161,Basic,Monthly,97,2024-09-27,2024-12-27,0
S00211,C0162,Basic,Monthly,62,2024-04-06,2024-07-06,0
S00212,C0162,Enterprise,Monthly,1466,2024-07-07,2024-12-31,0
S00213,C0163,Basic,Annual,116,2024-04-07,2024-12-31,0
S00214,C0164,Basic,Monthly,140,2024-01-27,2024-04-27,0
S00215,C0164,Pro,Annual,548,2024-04-28,2024-12-31,0
S00216,C0165,Basic,Annual,50,2023-03-07,2024-03-07,0
S00217,C0166,Enterprise,Monthly,1114,2024-09-01,2024-12-01,0
S00218,C0166,Basic,Monthly,66,2024-12-02,2024-12-31,0
S00219,C0167,Basic,Monthly,60,2023-08-23,2024-02-23,0
S00220,C0167,Basic,Monthly,68,2024-02-24,2024-05-24,0
S00221,C0167,Basic,Annual,75,2024-05-25,2024-12-31,0
S00222,C0168,Pro,Annual,283,2023-05-17,2024-05-17,0
S00223,C0168,Basic,Monthly,90,2024-05-18,2024-08-18,0
S00224,C0168,Pro,Monthly,523,2024-08-19,2024-11-19,0
S00225,C0169,Pro,Monthly,479,2023-01-30,2024-01-30,0
S00226,C0170,Pro,Annual,223,2024-03-07,2024-12-31,0
S00227,C0171,Pro,Monthly,380,2024-05-09,2024-08-09,0
S00228,C0172,Basic,Monthly,111,2023-01-13,2023-07-13,0
S00229,C0172,Pro,Monthly,525,2023-07-14,2023-10-14,0
S00230,C0172,Enterprise,Monthly,2757,2023-10-15,2024-01-15,0
S00231,C0173,Basic,Monthly,96,2024-01-09,2024-04-09,0
S00232,C0173,Basic,Annual,85,2024-04-10,2024-12-31,0
S00233,C0174,Pro,Monthly,229,2023-06-15,2023-12-15,0
S00234,C0174,Pro,Annual,405,2023-12-16,2024-12-16,0
S00235,C0174,Basic,Annual,149,2024-12-17,2024-12-31,0
S00236,C0175,Pro,Monthly,471,2024-04-15,2024-07-15,0
S00237,C0175,Pro,Annual,361,2024-07-16,2024-12-31,0
S00238,C0176,Basic,Monthly,135,2023-05-08,2023-08-08,0
S00239,C0177,Enterprise,Monthly,2458,2024-05-19,2024-12-31,0
S00240,C0178,Pro,Monthly,491,2023-10-10,2024-12-31,0
S00241,C0179,Pro,Annual,578,2024-11-14,2024-12-31,0
S00242,C0180,Pro,Annual,280,2023-04-11,2024-04-11,0
S00243,C0181,Basic,Monthly,55,2023-09-06,2024-09-06,0
S00244,C0182,Enterprise,Annual,1899,2023-03-24,2024-12-31,0
S00245,C0183,Enterprise,Monthly,2297,2024-11-06,2024-12-31,0
S00246,C0184,Basic,Monthly,84,2024-10-02,2024-12-31,0
S00247,C0185,Pro,Annual,446,2023-07-08,2024-07-08,0
S00248,C0186,Pro,Annual,367,2024-04-26,2024-12-31,0
S00249,C0187,Basic,Monthly,62,2024-08-19,2024-12-31,0
S00250,C0188,Enterprise,Monthly,2281,2024-02-10,2024-12-31,0
S00251,C0189,Pro,Monthly,221,2024-01-22,2024-12-31,0
S00252,C0190,Basic,Monthly,116,2023-06-26,2024-06-26,0
S00253,C0190,Enterprise,Monthly,1299,2024-06-27,2024-12-31,0
S00254,C0191,Basic,Monthly,102,2023-03-09,2023-09-09,0
S00255,C0191,Basic,Monthly,146,2023-09-10,2024-03-10,0
S00256,C0192,Basic,Monthly,108,2024-10-16,2024-12-31,0
S00257,C0193,Basic,Monthly,118,2024-10-19,2024-12-31,0
S00258,C0194,Enterprise,Annual,1014,2024-04-07,2024-12-31,0
S00259,C0195,Pro,Monthly,228,2023-09-05,2024-03-05,0
S00260,C0196,Enterprise,Monthly,2397,2023-09-12,2024-03-12,0
S00261,C0197,Basic,Monthly,77,2024-06-13,2024-12-13,0
S00262,C0198,Basic,Monthly,98,2024-10-16,2024-12-31,0
S00263,C0199,Basic,Monthly,147,2024-10-09,2024-12-31,0
S00264,C0200,Basic,Monthly,71,2024-07-23,2024-10-23,0
S00265,C0201,Basic,Annual,140,2024-04-13,2024-12-31,0
S00266,C0202,Pro,Monthly,566,2023-03-03,2023-09-03,0
S00267,C0202,Pro,Annual,333,2023-09-04,2024-09-04,0
S00268,C0203,Basic,Monthly,119,2023-04-28,2023-10-28,0
S00269,C0204,Basic,Monthly,117,2024-10-17,2024-12-31,0
S00270,C0205,Basic,Monthly,108,2024-03-18,2024-12-31,0
S00271,C0206,Basic,Monthly,147,2023-01-07,2023-07-07,0
S00272,C0206,Basic,Monthly,94,2023-07-08,2024-01-08,0
S00273,C0206,Basic,Monthly,50,2024-01-09,2024-04-09,0
S00274,C0207,Pro,Monthly,487,2023-03-16,2023-06-16,0
S00275,C0208,Basic,Annual,99,2024-04-29,2024-12-31,0
S00276,C0209,Basic,Annual,64,2023-01-04,2024-12-31,0
S00277,C0210,Pro,Monthly,447,2023-04-28,2023-07-28,0
S00278,C0211,Pro,Monthly,411,2024-02-05,2024-05-05,0
S00279,C0212,Pro,Monthly,246,2024-05-20,2024-08-20,0
S00280,C0213,Basic,Monthly,97,2024-04-20,2024-12-31,0
S00281,C0214,Basic,Annual,107,2023-06-13,2024-06-13,0
S00282,C0215,Basic,Monthly,131,2024-06-03,2024-12-31,0
S00283,C0216,Basic,Monthly,95,2023-06-23,2023-12-23,0
S00284,C0217,Basic,Annual,57,2023-08-26,2024-08-26,0
S00285,C0218,Basic,Monthly,138,2024-06-28,2024-12-28,0
S00286,C0219,Basic,Annual,58,2024-04-19,2024-12-31,0
S00287,C0220,Basic,Monthly,109,2024-09-11,2024-12-31,0
S00288,C0221,Pro,Monthly,534,2024-04-25,2024-07-25,0
S00289,C0221,Pro,Monthly,338,2024-07-26,2024-12-31,0
S00290,C0222,Basic,Monthly,110,2024-02-19,2024-08-19,0
S00291,C0222,Basic,Monthly,50,2024-08-20,2024-12-31,0
S00292,C0223,Basic,Annual,134,2023-03-10,2024-03-10,0
S00293,C0224,Pro,Annual,441,2023-09-26,2024-12-31,0
S00294,C0225,Pro,Monthly,268,2023-07-13,2023-10-13,0
S00295,C0225,Enterprise,Monthly,1545,2023-10-14,2024-04-14,0
S00296,C0225,Basic,Monthly,101,2024-04-15,2024-12-31,0
S00297,C0226,Basic,Annual,145,2023-06-28,2024-12-31,0
S00298,C0227,Basic,Monthly,129,2024-12-11,2024-12-31,0
S00299,C0228,Enterprise,Monthly,2956,2023-10-14,2024-04-14,0
S00300,C0228,Basic,Annual,91,2024-04-15,2024-12-31,0
S00301,C0229,Enterprise,Annual,2108,2024-10-13,2024-12-31,0
S00302,C0230,Pro,Monthly,311,2024-04-05,2024-07-05,0
S00303,C0230,Basic,Monthly,115,2024-07-06,2024-12-31,0
S00304,C0231,Pro,Monthly,488,2024-08-03,2024-12-31,0
S00305,C0232,Pro,Annual,321,2024-01-02,2024-12-31,0
S00306,C0233,Pro,Monthly,433,2024-02-26,2024-12-31,0
S00307,C0234,Basic,Annual,73,2023-12-26,2024-12-31,0
S00308,C0235,Basic,Annual,146,2023-05-23,2024-05-23,0
S00309,C0235,Pro,Annual,553,2024-05-24,2024-12-31,0
S00310,C0236,Pro,Monthly,404,2024-06-11,2024-12-31,0
S00311,C0237,Basic,Monthly,137,2023-07-24,2024-07-24,0
S00312,C0237,Basic,Monthly,98,2024-07-25,2024-12-31,0
S00313,C0238,Pro,Monthly,440,2023-01-18,2024-01-18,0
S00314,C0239,Basic,Monthly,128,2024-04-16,2024-12-31,0
S00315,C0240,Pro,Monthly,224,2023-05-10,2024-05-10,0
S00316,C0241,Pro,Annual,285,2024-11-17,2024-12-31,0
S00317,C0242,Basic,Monthly,120,2024-11-27,2024-12-31,0
S00318,C0243,Pro,Monthly,470,2024-10-29,2024-12-31,0
S00319,C0244,Basic,Monthly,67,2023-09-28,2024-12-31,0
S00320,C0245,Basic,Annual,125,2023-01-12,2024-01-12,0
S00321,C0246,Pro,Monthly,248,2024-11-08,2024-12-31,0
S00322,C0247,Pro,Annual,219,2023-11-09,2024-12-31,0
S00323,C0248,Basic,Monthly,52,2024-12-06,2024-12-31,0
S00324,C0249,Pro,Monthly,259,2024-12-04,2024-12-31,0
S00325,C0250,Basic,Annual,79,2024-09-14,2024-12-31,0
S00326,C0251,Basic,Monthly,147,2023-08-03,2024-08-03,0
S00327,C0252,Pro,Monthly,513,2023-10-09,2024-10-09,0
S00328,C0253,Basic,Monthly,130,2024-09-13,2024-12-13,0
S00329,C0253,Basic,Annual,108,2024-12-14,2024-12-31,0
S00330,C0254,Basic,Monthly,107,2023-08-20,2024-12-31,0
S00331,C0255,Basic,Annual,135,2023-05-04,2024-12-31,0
S00332,C0256,Basic,Annual,103,2024-02-11,2024-12-31,0
S00333,C0257,Basic,Monthly,51,2024-11-14,2024-12-31,0
S00334,C0258,Pro,Annual,535,2024-05-23,2024-12-31,0
S00335,C0259,Basic,Monthly,72,2024-02-21,2024-12-31,0
S00336,C0260,Basic,Monthly,116,2023-03-12,2024-12-31,0
S00337,C0261,Basic,Monthly,77,2024-03-24,2024-09-24,0
S00338,C0261,Basic,Monthly,56,2024-09-25,2024-12-25,0
S00339,C0261,Pro,Annual,587,2024-12-26,2024-12-31,0
S00340,C0262,Pro,Annual,360,2024-12-23,2024-12-31,0
S00341,C0263,Basic,Monthly,70,2023-04-13,2024-04-13,0
S00342,C0264,Pro,Annual,375,2024-01-14,2024-12-31,0
S00343,C0265,Pro,Annual,303,2024-10-02,2024-12-31,0
S00344,C0266,Pro,Monthly,381,2024-06-24,2024-12-31,0
S00345,C0267,Enterprise,Monthly,1914,2024-05-23,2024-12-31,0
S00346,C0268,Basic,Monthly,144,2024-05-27,2024-08-27,0
S00347,C0269,Basic,Annual,124,2023-09-20,2024-09-20,0
S00348,C0269,Pro,Monthly,503,2024-09-21,2024-12-31,0
S00349,C0270,Pro,Monthly,382,2023-08-03,2024-08-03,0
S00350,C0271,Basic,Annual,118,2024-08-13,2024-12-31,0
S00351,C0272,Basic,Monthly,78,2024-08-14,2024-12-31,0
S00352,C0273,Pro,Monthly,352,2024-09-24,2024-12-24,0
S00353,C0274,Enterprise,Monthly,1793,2024-10-28,2024-12-31,0
S00354,C0275,Pro,Monthly,348,2024-01-09,2024-12-31,0
S00355,C0276,Enterprise,Monthly,2744,2024-01-02,2024-07-02,0
S00356,C0276,Enterprise,Annual,2390,2024-07-03,2024-12-31,0
S00357,C0277,Basic,Monthly,90,2024-08-05,2024-12-31,0
S00358,C0278,Pro,Monthly,538,2024-04-19,2024-12-31,0
S00359,C0279,Basic,Monthly,71,2024-05-27,2024-11-27,0
S00360,C0279,Pro,Annual,341,2024-11-28,2024-12-31,0
S00361,C0280,Pro,Monthly,242,2024-08-03,2024-12-31,0
S00362,C0281,Enterprise,Monthly,889,2024-10-11,2024-12-31,0
S00363,C0282,Pro,Annual,521,2023-09-04,2024-12-31,0
S00364,C0283,Pro,Monthly,498,2023-10-02,2024-01-02,0
S00365,C0284,Basic,Monthly,133,2023-03-10,2024-03-10,0
S00366,C0284,Enterprise,Monthly,1775,2024-03-11,2024-12-31,0
S00367,C0285,Pro,Monthly,272,2024-02-27,2024-12-31,0
S00368,C0286,Basic,Monthly,144,2023-01-27,2024-12-31,0
S00369,C0287,Basic,Monthly,102,2023-12-06,2024-12-31,0
S00370,C0288,Pro,Annual,210,2024-02-01,2024-12-31,0
S00371,C0289,Basic,Monthly,99,2023-07-29,2023-10-29,0
S00372,C0289,Basic,Monthly,133,2023-10-30,2024-12-31,0
S00373,C0290,Enterprise,Monthly,2903,2024-03-07,2024-06-07,0
S00374,C0291,Basic,Monthly,143,2023-01-23,2023-04-23,0
S00375,C0292,Basic,Monthly,62,2023-01-28,2023-04-28,0
S00376,C0293,Basic,Annual,131,2024-08-23,2024-12-31,0
S00377,C0294,Pro,Annual,501,2023-09-20,2024-12-31,0
S00378,C0295,Basic,Annual,73,2023-04-03,2024-12-31,0
S00379,C0296,Basic,Monthly,144,2024-01-17,2024-07-17,0
S00380,C0296,Pro,Monthly,383,2024-07-18,2024-12-31,0
S00381,C0297,Basic,Monthly,125,2024-07-16,2024-12-31,0
S00382,C0298,Basic,Monthly,88,2023-06-07,2023-12-07,0
S00383,C0299,Enterprise,Monthly,1905,2024-03-30,2024-09-30,0
S00384,C0300,Basic,Monthly,132,2023-03-04,2024-03-04,0
S00385,C0301,Enterprise,Monthly,2262,2023-02-07,2024-02-07,0
S00386,C0302,Pro,Monthly,596,2024-01-23,2024-12-31,0
S00387,C0303,Basic,Monthly,109,2024-01-30,2024-07-30,0
S00388,C0304,Enterprise,Annual,2495,2024-04-10,2024-12-31,0
S00389,C0305,Basic,Annual,52,2024-06-14,2024-12-31,0
S00390,C0306,Enterprise,Monthly,871,2024-12-13,2024-12-31,0
S00391,C0307,Enterprise,Annual,2000,2024-01-12,2024-12-31,0
S00392,C0308,Pro,Monthly,544,2023-08-24,2023-11-24,0
S00393,C0308,Basic,Monthly,133,2023-11-25,2024-02-25,0
S00394,C0308,Basic,Monthly,91,2024-02-26,2024-12-31,0
S00395,C0309,Basic,Monthly,85,2024-08-03,2024-12-31,0
S00396,C0310,Basic,Monthly,140,2023-07-17,2023-10-17,0
S00397,C0310,Basic,Monthly,139,2023-10-18,2024-10-18,0
S00398,C0310,Pro,Monthly,355,2024-10-19,2024-12-31,0
S00399,C0311,Pro,Monthly,485,2023-11-17,2024-12-31,0
S00400,C0312,Basic,Annual,62,2023-02-27,2024-12-31,0
S00401,C0313,Basic,Monthly,132,2023-01-19,2024-01-19,0
S00402,C0313,Enterprise,Monthly,1364,2024-01-20,2024-04-20,0
S00403,C0313,Basic,Monthly,101,2024-04-21,2024-12-31,0
S00404,C0314,Pro,Annual,407,2024-12-03,2024-12-31,0
S00405,C0315,Pro,Monthly,591,2024-09-02,2024-12-02,0
S00406,C0315,Basic,Monthly,91,2024-12-03,2024-12-31,0
S00407,C0316,Pro,Monthly,420,2024-05-23,2024-12-31,0
S00408,C0317,Basic,Annual,103,2023-10-26,2024-10-26,0
S00409,C0318,Basic,Monthly,98,2023-05-07,2023-11-07,0
S00410,C0319,Pro,Annual,355,2023-04-25,2024-04-25,0
S00411,C0320,Basic,Monthly,87,2023-07-02,2024-12-31,0
S00412,C0321,Pro,Monthly,376,2024-02-05,2024-05-05,0
S00413,C0322,Basic,Monthly,130,2024-06-05,2024-12-31,0
S00414,C0323,Enterprise,Monthly,2178,2024-04-26,2024-07-26,0
S00415,C0323,Basic,Annual,91,2024-07-27,2024-12-31,0
S00416,C0324,Enterprise,Monthly,1722,2023-07-24,2023-10-24,0
S00417,C0325,Basic,Monthly,74,2024-11-28,2024-12-31,0
S00418,C0326,Basic,Monthly,122,2024-06-22,2024-12-31,0
S00419,C0327,Basic,Monthly,116,2024-02-09,2024-12-31,0
S00420,C0328,Basic,Monthly,102,2024-03-22,2024-06-22,0
S00421,C0329,Enterprise,Monthly,939,2023-11-03,2024-12-31,0
S00422,C0330,Basic,Annual,52,2023-06-30,2024-06-30,0
S00423,C0331,Enterprise,Annual,2292,2023-09-17,2024-12-31,0
S00424,C0332,Basic,Monthly,101,2024-07-07,2024-12-31,0
S00425,C0333,Basic,Monthly,54,2023-01-11,2023-07-11,0
S00426,C0334,Basic,Annual,117,2023-03-26,2024-03-26,0
S00427,C0335,Pro,Monthly,350,2023-02-03,2024-02-03,0
S00428,C0335,Basic,Monthly,101,2024-02-04,2024-05-04,0
S00429,C0335,Pro,Annual,204,2024-05-05,2024-12-31,0
S00430,C0336,Basic,Monthly,142,2023-01-30,2023-04-30,0
S00431,C0336,Enterprise,Annual,1159,2023-05-01,2024-05-01,0
S00432,C0336,Pro,Monthly,531,2024-05-02,2024-12-31,0
S00433,C0337,Pro,Monthly,580,2024-09-16,2024-12-31,0
S00434,C0338,Pro,Monthly,385,2024-05-28,2024-11-28,0
S00435,C0339,Basic,Monthly,125,2023-12-13,2024-06-13,0
S00436,C0340,Pro,Monthly,390,2023-03-13,2024-03-13,0
S00437,C0340,Enterprise,Annual,821,2024-03-14,2024-12-31,0
S00438,C0341,Pro,Monthly,472,2023-12-25,2024-06-25,0
S00439,C0341,Basic,Monthly,130,2024-06-26,2024-12-26,0
S00440,C0341,Enterprise,Monthly,2062,2024-12-27,2024-12-31,0
S00441,C0342,Basic,Monthly,84,2023-12-12,2024-03-12,0
S00442,C0342,Pro,Monthly,416,2024-03-13,2024-12-31,0
S00443,C0343,Basic,Monthly,108,2023-05-07,2024-05-07,0
S00444,C0343,Enterprise,Monthly,1325,2024-05-08,2024-12-31,0
S00445,C0344,Basic,Monthly,84,2023-11-13,2024-02-13,0
S00446,C0344,Basic,Monthly,81,2024-02-14,2024-12-31,0
S00447,C0345,Pro,Monthly,344,2023-10-18,2024-10-18,0
S00448,C0345,Enterprise,Monthly,1951,2024-10-19,2024-12-31,0
S00449,C0346,Pro,Monthly,599,2024-03-25,2024-06-25,0
S00450,C0346,Basic,Monthly,115,2024-06-26,2024-12-26,0
S00451,C0347,Basic,Monthly,115,2024-04-08,2024-12-31,0
S00452,C0348,Enterprise,Monthly,2281,2023-02-03,2023-08-03,0
S00453,C0348,Basic,Annual,88,2023-08-04,2024-12-31,0
S00454,C0349,Enterprise,Monthly,2775,2023-10-01,2024-10-01,0
S00455,C0350,Basic,Annual,81,2024-04-01,2024-12-31,0
S00456,C0351,Pro,Monthly,411,2024-01-03,2024-04-03,0
S00457,C0352,Pro,Annual,498,2024-09-17,2024-12-31,0
S00458,C0353,Basic,Monthly,132,2024-04-25,2024-10-25,0
S00459,C0353,Pro,Annual,221,2024-10-26,2024-12-31,0
S00460,C0354,Basic,Annual,58,2023-04-29,2024-12-31,0
S00461,C0355,Basic,Monthly,122,2023-02-21,2023-05-21,0
S00462,C0356,Enterprise,Monthly,2079,2024-04-13,2024-12-31,0
S00463,C0357,Basic,Monthly,74,2023-01-20,2024-01-20,0
S00464,C0358,Basic,Monthly,90,2024-03-03,2024-06-03,0
S00465,C0359,Pro,Monthly,298,2024-11-17,2024-12-31,0
S00466,C0360,Pro,Annual,408,2024-02-25,2024-12-31,0
S00467,C0361,Enterprise,Monthly,2901,2023-10-11,2024-01-11,0
S00468,C0362,Basic,Annual,108,2024-04-14,2024-12-31,0
S00469,C0363,Pro,Monthly,503,2023-12-01,2024-12-01,0
S00470,C0364,Basic,Annual,51,2024-02-03,2024-12-31,0
S00471,C0365,Pro,Monthly,462,2024-11-18,2024-12-31,0
S00472,C0366,Basic,Annual,66,2023-10-09,2024-10-09,0
S00473,C0366,Basic,Monthly,57,2024-10-10,2024-12-31,0
S00474,C0367,Basic,Monthly,125,2024-12-02,2024-12-31,0
S00475,C0368,Pro,Annual,580,2024-10-22,2024-12-31,0
S00476,C0369,Basic,Monthly,101,2023-05-23,2023-08-23,0
S00477,C0370,Basic,Monthly,104,2023-02-20,2023-05-20,0
S00478,C0371,Pro,Monthly,585,2023-03-15,2023-09-15,0
S00479,C0371,Pro,Monthly,555,2023-09-16,2024-03-16,0
S00480,C0372,Pro,Monthly,517,2023-01-14,2024-12-31,0
S00481,C0373,Enterprise,Annual,1731,2023-03-10,2024-03-10,0
S00482,C0373,Basic,Monthly,128,2024-03-11,2024-12-31,0
S00483,C0374,Pro,Monthly,204,2024-05-13,2024-08-13,0
S00484,C0375,Basic,Monthly,142,2023-02-21,2024-12-31,0
S00485,C0376,Enterprise,Monthly,2982,2023-08-21,2023-11-21,0
S00486,C0376,Basic,Monthly,84,2023-11-22,2024-05-22,0
S00487,C0376,Enterprise,Monthly,2004,2024-05-23,2024-12-31,0
S00488,C0377,Basic,Monthly,109,2024-09-08,2024-12-31,0
S00489,C0378,Basic,Monthly,60,2023-01-17,2023-07-17,0
S00490,C0378,Pro,Monthly,505,2023-07-18,2023-10-18,0
S00491,C0378,Basic,Monthly,145,2023-10-19,2024-01-19,0
S00492,C0379,Pro,Annual,305,2024-08-17,2024-12-31,0
S00493,C0380,Basic,Monthly,99,2023-07-25,2024-07-25,0
S00494,C0380,Pro,Monthly,482,2024-07-26,2024-12-31,0
S00495,C0381,Pro,Monthly,381,2023-03-28,2023-09-28,0
S00496,C0382,Pro,Monthly,497,2024-05-23,2024-08-23,0
S00497,C0382,Pro,Annual,241,2024-08-24,2024-12-31,0
S00498,C0383,Pro,Annual,562,2024-04-04,2024-12-31,0
S00499,C0384,Basic,Monthly,61,2024-10-02,2024-12-31,0
S00500,C0385,Basic,Monthly,147,2024-06-20,2024-12-31,0
S00501,C0386,Pro,Monthly,363,2024-08-09,2024-11-09,0
S00502,C0386,Basic,Monthly,127,2024-11-10,2024-12-31,0
S00503,C0387,Pro,Monthly,558,2023-07-25,2024-01-25,0
S00504,C0387,Basic,Monthly,67,2024-01-26,2024-04-26,0
S00505,C0388,Enterprise,Monthly,2839,2023-05-10,2024-05-10,0
S00506,C0389,Basic,Monthly,129,2024-07-01,2024-12-31,0
S00507,C0390,Basic,Annual,69,2024-08-11,2024-12-31,0
S00508,C0391,Basic,Annual,65,2024-12-24,2024-12-31,0
S00509,C0392,Basic,Monthly,144,2023-10-29,2024-01-29,0
S00510,C0392,Pro,Annual,286,2024-01-30,2024-12-31,0
S00511,C0393,Enterprise,Monthly,1355,2023-09-29,2024-09-29,0
S00512,C0393,Basic,Monthly,127,2024-09-30,2024-12-30,0
S00513,C0394,Basic,Monthly,141,2024-07-20,2024-10-20,0
S00514,C0395,Enterprise,Monthly,1125,2023-09-06,2024-09-06,0
S00515,C0395,Basic,Monthly,118,2024-09-07,2024-12-31,0
S00516,C0396,Basic,Monthly,93,2024-11-10,2024-12-31,0
S00517,C0397,Pro,Annual,253,2024-09-18,2024-12-31,0
S00518,C0398,Enterprise,Monthly,2905,2023-11-10,2024-05-10,0
S00519,C0399,Basic,Monthly,119,2024-07-02,2024-12-31,0
S00520,C0400,Basic,Annual,118,2024-07-04,2024-12-31,0
S00521,C0401,Pro,Monthly,366,2023-03-17,2024-03-17,0
S00522,C0401,Basic,Annual,94,2024-03-18,2024-12-31,0
S00523,C0402,Basic,Monthly,101,2024-10-20,2024-12-31,0
S00524,C0403,Pro,Monthly,399,2024-01-04,2024-12-31,0
S00525,C0404,Basic,Monthly,77,2024-08-26,2024-12-31,0
S00526,C0405,Pro,Annual,406,2023-08-22,2024-08-22,0
S00527,C0406,Pro,Annual,493,2024-10-15,2024-12-31,0
S00528,C0407,Pro,Monthly,429,2023-10-12,2024-10-12,0
S00529,C0408,Enterprise,Annual,2266,2023-01-08,2024-01-08,0
S00530,C0408,Enterprise,Monthly,2744,2024-01-09,2024-12-31,0
S00531,C0409,Basic,Annual,95,2024-10-22,2024-12-31,0
S00532,C0410,Enterprise,Annual,2963,2023-03-08,2024-12-31,0
S00533,C0411,Enterprise,Monthly,2457,2023-08-22,2024-02-22,0
S00534,C0412,Basic,Monthly,77,2024-11-24,2024-12-31,0
S00535,C0413,Basic,Monthly,132,2024-11-24,2024-12-31,0
S00536,C0414,Pro,Annual,407,2024-02-23,2024-12-31,0
S00537,C0415,Basic,Monthly,138,2024-04-06,2024-10-06,0
S00538,C0415,Basic,Monthly,113,2024-10-07,2024-12-31,0
S00539,C0416,Basic,Annual,56,2023-11-24,2024-12-31,0
S00540,C0417,Basic,Monthly,106,2023-08-03,2024-08-03,0
S00541,C0418,Basic,Annual,82,2023-08-28,2024-08-28,0
S00542,C0418,Basic,Monthly,66,2024-08-29,2024-12-31,0
S00543,C0419,Basic,Monthly,99,2024-05-05,2024-12-31,0
S00544,C0420,Basic,Monthly,85,2024-07-03,2024-12-31,0
S00545,C0421,Pro,Monthly,576,2024-07-31,2024-12-31,0
S00546,C0422,Enterprise,Monthly,1220,2024-07-30,2024-10-30,0
S00547,C0422,Enterprise,Annual,2101,2024-10-31,2024-12-31,0
S00548,C0423,Enterprise,Monthly,1492,2023-03-08,2023-06-08,0
S00549,C0423,Pro,Monthly,545,2023-06-09,2024-12-31,0
S00550,C0424,Basic,Monthly,73,2023-12-27,2024-06-27,0
S00551,C0424,Pro,Monthly,556,2024-06-28,2024-09-28,0
S00552,C0424,Enterprise,Monthly,2347,2024-09-29,2024-12-31,0
S00553,C0425,Basic,Annual,125,2023-02-12,2024-12-31,0
S00554,C0426,Pro,Monthly,457,2024-02-06,2024-12-31,0
S00555,C0427,Basic,Monthly,56,2023-11-19,2024-12-31,0
S00556,C0428,Pro,Annual,563,2024-10-10,2024-12-31,0
S00557,C0429,Basic,Monthly,117,2023-09-14,2024-03-14,0
S00558,C0430,Basic,Monthly,55,2023-03-27,2023-09-27,0
S00559,C0430,Basic,Monthly,65,2023-09-28,2024-09-28,0
S00560,C0430,Basic,Monthly,100,2024-09-29,2024-12-31,0
S00561,C0431,Basic,Annual,118,2023-04-15,2024-12-31,0
S00562,C0432,Basic,Annual,88,2024-07-09,2024-12-31,0
S00563,C0433,Basic,Monthly,59,2024-03-27,2024-06-27,0
S00564,C0433,Basic,Monthly,87,2024-06-28,2024-12-28,0
S00565,C0433,Basic,Monthly,133,2024-12-29,2024-12-31,0
S00566,C0434,Basic,Monthly,136,2023-03-15,2023-09-15,0
S00567,C0435,Enterprise,Monthly,1816,2023-03-03,2024-12-31,0
S00568,C0436,Basic,Monthly,93,2024-05-26,2024-08-26,0
S00569,C0437,Pro,Monthly,568,2023-02-23,2023-05-23,0
S00570,C0438,Enterprise,Annual,2317,2024-08-22,2024-12-31,0
S00571,C0439,Basic,Monthly,55,2024-05-30,2024-12-31,0
S00572,C0440,Basic,Annual,92,2023-03-01,2024-03-01,0
S00573,C0441,Pro,Monthly,291,2023-03-03,2024-03-03,0
S00574,C0442,Pro,Monthly,419,2024-12-21,2024-12-31,0
S00575,C0443,Basic,Annual,57,2023-10-01,2024-10-01,0
S00576,C0444,Basic,Monthly,131,2023-09-28,2024-09-28,0
S00577,C0444,Pro,Monthly,569,2024-09-29,2024-12-31,0
S00578,C0445,Basic,Monthly,104,2024-08-16,2024-12-31,0
S00579,C0446,Basic,Monthly,63,2024-11-22,2024-12-31,0
S00580,C0447,Basic,Monthly,92,2024-12-20,2024-12-31,0
S00581,C0448,Basic,Annual,141,2024-07-03,2024-12-31,0
S00582,C0449,Pro,Annual,452,2023-10-02,2024-10-02,0
S00583,C0450,Pro,Monthly,367,2023-03-02,2023-09-02,0
S00584,C0450,Basic,Monthly,103,2023-09-03,2023-12-03,0
S00585,C0450,Pro,Annual,372,2023-12-04,2024-12-04,0
S00586,C0451,Pro,Monthly,481,2024-07-21,2024-12-31,0
S00587,C0452,Basic,Monthly,113,2024-02-12,2024-12-31,0
S00588,C0453,Basic,Monthly,67,2023-11-06,2024-05-06,0
S00589,C0454,Pro,Monthly,546,2024-10-23,2024-12-31,0
S00590,C0455,Basic,Annual,100,2023-03-23,2024-03-23,0
S00591,C0456,Basic,Monthly,140,2023-12-26,2024-12-26,0
S00592,C0457,Basic,Monthly,89,2023-01-09,2024-01-09,0
S00593,C0457,Basic,Monthly,141,2024-01-10,2024-07-10,0
S00594,C0457,Pro,Monthly,496,2024-07-11,2024-12-31,0
S00595,C0458,Basic,Monthly,124,2023-12-09,2024-06-09,0
S00596,C0459,Basic,Monthly,73,2023-02-11,2023-05-11,0
S00597,C0460,Basic,Monthly,84,2023-03-28,2024-03-28,0
S00598,C0461,Basic,Monthly,147,2023-03-27,2024-03-27,0
S00599,C0461,Pro,Annual,410,2024-03-28,2024-12-31,0
S00600,C0462,Basic,Monthly,146,2024-04-18,2024-07-18,0
S00601,C0463,Pro,Monthly,544,2024-06-28,2024-12-28,0
S00602,C0463,Pro,Monthly,551,2024-12-29,2024-12-31,0
S00603,C0464,Basic,Monthly,79,2024-03-01,2024-12-31,0
S00604,C0465,Basic,Monthly,122,2024-12-03,2024-12-31,0
S00605,C0466,Pro,Monthly,336,2023-10-01,2024-01-01,0
S00606,C0466,Basic,Monthly,101,2024-01-02,2024-12-31,0
S00607,C0467,Pro,Monthly,457,2023-07-28,2024-07-28,0
S00608,C0467,Basic,Annual,110,2024-07-29,2024-12-31,0
S00609,C0468,Basic,Monthly,58,2024-09-26,2024-12-26,0
S00610,C0469,Basic,Monthly,62,2023-06-13,2023-09-13,0
S00611,C0470,Pro,Monthly,272,2024-12-04,2024-12-31,0
S00612,C0471,Pro,Annual,302,2023-01-09,2024-12-31,0
S00613,C0472,Enterprise,Monthly,978,2024-12-09,2024-12-31,0
S00614,C0473,Basic,Monthly,104,2023-02-01,2023-05-01,0
S00615,C0474,Enterprise,Monthly,1531,2024-10-12,2024-12-31,0
S00616,C0475,Basic,Monthly,133,2024-01-21,2024-12-31,0
S00617,C0476,Basic,Monthly,111,2024-12-25,2024-12-31,0
S00618,C0477,Basic,Annual,104,2023-02-23,2024-12-31,0
S00619,C0478,Pro,Monthly,229,2024-02-09,2024-08-09,0
S00620,C0479,Enterprise,Monthly,2514,2024-12-08,2024-12-31,0
S00621,C0480,Pro,Monthly,472,2024-01-17,2024-07-17,0
S00622,C0480,Enterprise,Annual,1317,2024-07-18,2024-12-31,0
S00623,C0481,Basic,Monthly,95,2024-04-04,2024-12-31,0
S00624,C0482,Basic,Monthly,77,2024-05-22,2024-12-31,0
S00625,C0483,Basic,Annual,70,2023-11-28,2024-12-31,0
S00626,C0484,Pro,Annual,423,2024-04-03,2024-12-31,0
S00627,C0485,Enterprise,Monthly,2023,2024-03-02,2024-12-31,0
S00628,C0486,Pro,Monthly,436,2024-10-19,2024-12-31,0
S00629,C0487,Enterprise,Monthly,1766,2023-02-03,2023-08-03,0
S00630,C0488,Pro,Monthly,377,2023-07-25,2024-01-25,0
S00631,C0489,Pro,Monthly,426,2024-11-24,2024-12-31,0
S00632,C0490,Pro,Monthly,315,2024-10-11,2024-12-31,0
S00633,C0491,Enterprise,Monthly,1847,2023-11-29,2024-02-29,0
S00634,C0491,Pro,Monthly,534,2024-03-01,2024-06-01,0
S00635,C0491,Basic,Annual,57,2024-06-02,2024-12-31,0
S00636,C0492,Basic,Annual,145,2024-03-28,2024-12-31,0
S00637,C0493,Pro,Annual,278,2023-07-22,2024-07-22,0
S00638,C0493,Basic,Monthly,120,2024-07-23,2024-12-31,0
S00639,C0494,Basic,Monthly,140,2023-05-18,2023-08-18,0
S00640,C0494,Basic,Monthly,105,2023-08-19,2024-02-19,0
S00641,C0494,Basic,Monthly,71,2024-02-20,2024-05-20,0
S00642,C0495,Pro,Monthly,472,2023-12-05,2024-03-05,0
S00643,C0496,Enterprise,Monthly,1661,2023-09-15,2024-03-15,0
S00644,C0497,Basic,Annual,65,2024-03-02,2024-12-31,0
S00645,C0498,Basic,Monthly,106,2023-02-26,2023-05-26,0
S00646,C0498,Pro,Monthly,413,2023-05-27,2024-05-27,0
S00647,C0498,Basic,Monthly,146,2024-05-28,2024-12-31,0
S00648,C0499,Basic,Annual,53,2024-12-12,2024-12-31,0
S00649,C0500,Basic,Annual,82,2024-12-20,2024-12-31,0
